MNR,,TOOL,Lasermaker Program??????????????????,PCBA??PCBA??????,label load????????????,Fawl????????????,vision program????????????????,labelflie????????????????,WI????,,,Typecode,
R911406090,EtherCAT Bus coupler,1,20,R911176820,hardware-revision-0: std.io_ec201_a,,6,ctrlX_IO_Shipping_1ENCH_UL_UKCA_CE_25V_V01.prn,GY-CXL3-W-11_ctrlX IO_ST01.pdf,GY-CXL3-W-13_ctrlX IO_ST03.pdf,GY-CXL3-W-15_ctrlX IO_ST05.pdf,EtherCAT Bus coupler,Y
R911406096,"8Ch. Dig. Input 24V, 3ms",1,11,R911176668,,,2,ctrlX_IO_Shipping_1ENCH_UL_UKCA_CE_25V_V01.prn,GY-CXL3-W-11_ctrlX IO_ST01.pdf,GY-CXL3-W-13_ctrlX IO_ST03.pdf,GY-CXL3-W-15_ctrlX IO_ST05.pdf,"8Ch. Dig. Input 24V, 3ms",Y
R911406097,"16Ch. Dig. Input 24V, 3ms",1,11,R911176667,,,0,ctrlX_IO_Shipping_1ENCH_UL_UKCA_CE_25V_V01.prn,GY-CXL3-W-11_ctrlX IO_ST01.pdf,GY-CXL3-W-13_ctrlX IO_ST03.pdf,GY-CXL3-W-15_ctrlX IO_ST05.pdf,"16Ch. Dig. Input 24V, 3ms",Y
R911406101,8Ch. Dig. Output 24V/0.5A,1,11,R911176671,,,3,ctrlX_IO_Shipping_1ENCH_UL_UKCA_CE_25V_V01.prn,GY-CXL3-W-11_ctrlX IO_ST01.pdf,GY-CXL3-W-13_ctrlX IO_ST03.pdf,GY-CXL3-W-15_ctrlX IO_ST05.pdf,8Ch. Dig. Output 24V/0.5A,Y
R911406102,16Ch. Dig. Output 24V/0.5A,1,11,R911176670,,,0,ctrlX_IO_Shipping_1ENCH_UL_UKCA_CE_25V_V01.prn,GY-CXL3-W-11_ctrlX IO_ST01.pdf,GY-CXL3-W-13_ctrlX IO_ST03.pdf,GY-CXL3-W-15_ctrlX IO_ST05.pdf,16Ch. Dig. Output 24V/0.5A,Y
R911406122,8/8 Ch. Potential distribution 24V/GND,1,13,R911176649,,,7,ctrlX_IO_Shipping_1ENCH_UL_UKCA_CE_25V_V01.prn,GY-CXL3-W-11_ctrlX IO_ST01.pdf,GY-CXL3-W-13_ctrlX IO_ST03.pdf,GY-CXL3-W-15_ctrlX IO_ST05.pdf,8/8 Ch. Potential distribution 24V/GND,Y
R911406123,16Ch. Potential distribution 24V,1,11,R911176648,,,8,ctrlX_IO_Shipping_1ENCH_UL_UKCA_CE_25V_V01.prn,GY-CXL3-W-11_ctrlX IO_ST01.pdf,GY-CXL3-W-13_ctrlX IO_ST03.pdf,GY-CXL3-W-15_ctrlX IO_ST05.pdf,16Ch. Potential distribution 24V,Y
R911406125,16Ch. Potential distribution GND,1,11,R911176647,,,9,ctrlX_IO_Shipping_1ENCH_UL_UKCA_CE_25V_V01.prn,GY-CXL3-W-11_ctrlX IO_ST01.pdf,GY-CXL3-W-13_ctrlX IO_ST03.pdf,GY-CXL3-W-15_ctrlX IO_ST05.pdf,16Ch. Potential distribution GND,Y
R911406104,4Ch. Ana. Input +/-10V 16Bit,2,11,R911176908,hardware-revision-0: std.io_ai401_a,R911416018/FWL-XI-AI401_4_-10_+10V_-01VRS-U5301_-A,1,ctrlX_IO_Shipping_1ENCH_UL_UKCA_CE_25V_V01.prn,GY-CXL3-W-11_ctrlX IO_ST01.pdf,GY-CXL3-W-13_ctrlX IO_ST03.pdf,GY-CXL3-W-15_ctrlX IO_ST05.pdf,4Ch. Ana. Input +/-10V 16Bit,Y
R911406105,4Ch. Ana. Input 0-10V 16Bit,2,11,R911176908,hardware-revision-0: std.io_ai401_a,,1,ctrlX_IO_Shipping_1ENCH_UL_UKCA_CE_25V_V01.prn,GY-CXL3-W-11_ctrlX IO_ST01.pdf,GY-CXL3-W-13_ctrlX IO_ST03.pdf,GY-CXL3-W-15_ctrlX IO_ST05.pdf,4Ch. Ana. Input 0-10V 16Bit,Y
R911406106,4Ch. Ana. Input 0-20mA 16Bit,2,11,R911176910,hardware-revision-0: std.io_ai401_a,R911416019/FWL-XI-AI401_4___0_+20MA-01VRS-U5301_-A,1,ctrlX_IO_Shipping_1ENCH_UL_UKCA_CE_25V_V01.prn,GY-CXL3-W-11_ctrlX IO_ST01.pdf,GY-CXL3-W-13_ctrlX IO_ST03.pdf,GY-CXL3-W-15_ctrlX IO_ST05.pdf,4Ch. Ana. Input 0-20mA 16Bit,Y
R911406107,4Ch. Ana. Input 4-20mA 16Bit,2,11,R911176910,hardware-revision-0: std.io_ai401_a,,1,ctrlX_IO_Shipping_1ENCH_UL_UKCA_CE_25V_V01.prn,GY-CXL3-W-11_ctrlX IO_ST01.pdf,GY-CXL3-W-13_ctrlX IO_ST03.pdf,GY-CXL3-W-15_ctrlX IO_ST05.pdf,4Ch. Ana. Input 4-20mA 16Bit,Y
R911406110,2Ch. Ana. Output 0-10V 16Bit,2,11,R911176920,hardware-revision-0: std.io_ao401_a,,5,ctrlX_IO_Shipping_1ENCH_UL_UKCA_CE_25V_V01.prn,GY-CXL3-W-11_ctrlX IO_ST01.pdf,GY-CXL3-W-13_ctrlX IO_ST03.pdf,GY-CXL3-W-15_ctrlX IO_ST05.pdf,2Ch. Ana. Output 0-10V 16Bit,Y
R911406111,2Ch. Ana. Output 0-20mA 16Bit,2,11,R911176920,hardware-revision-0: std.io_ao401_a,R911416039/FWL-XI-AO401_2___0_+20MA-01VRS-U5301_-A,5,ctrlX_IO_Shipping_1ENCH_UL_UKCA_CE_25V_V01.prn,GY-CXL3-W-11_ctrlX IO_ST01.pdf,GY-CXL3-W-13_ctrlX IO_ST03.pdf,GY-CXL3-W-15_ctrlX IO_ST05.pdf,2Ch. Ana. Output 0-20mA 16Bit,Y
R911406112,2Ch. Ana. Output 4-20mA 16Bit,2,11,R911176920,hardware-revision-0: std.io_ao401_a,R911416040/FWL-XI-AO401_2__+4_+20MA-01VRS-U5301_-A,5,ctrlX_IO_Shipping_1ENCH_UL_UKCA_CE_25V_V01.prn,GY-CXL3-W-11_ctrlX IO_ST01.pdf,GY-CXL3-W-13_ctrlX IO_ST03.pdf,GY-CXL3-W-15_ctrlX IO_ST05.pdf,2Ch. Ana. Output 4-20mA 16Bit,Y
R911406113,2Ch. Ana. Output +/-10V 16Bit,2,11,R911176920,hardware-revision-0: std.io_ao401_a,R911416038/FWL-XI-AO401_2_-10_+10V_-01VRS-U5301_-A,5,ctrlX_IO_Shipping_1ENCH_UL_UKCA_CE_25V_V01.prn,GY-CXL3-W-11_ctrlX IO_ST01.pdf,GY-CXL3-W-13_ctrlX IO_ST03.pdf,GY-CXL3-W-15_ctrlX IO_ST05.pdf,2Ch. Ana. Output +/-10V 16Bit,Y
R911406114,4Ch. Ana. Output 4-20mA 16Bit,2,11,R911176918,hardware-revision-0: std.io_ao401_a,R911416024/FWL-XI-AO401_4__+4_+20MA-01VRS-U5301_-A,4,ctrlX_IO_Shipping_1ENCH_UL_UKCA_CE_25V_V01.prn,GY-CXL3-W-11_ctrlX IO_ST01.pdf,GY-CXL3-W-13_ctrlX IO_ST03.pdf,GY-CXL3-W-15_ctrlX IO_ST05.pdf,4Ch. Ana. Output 4-20mA 16Bit,Y
R911406115,4Ch. Ana. Output 0-20mA 16Bit,2,11,R911176918,hardware-revision-0: std.io_ao401_a,R911416023/FWL-XI-AO401_4___0_+20MA-01VRS-U5301_-A,4,ctrlX_IO_Shipping_1ENCH_UL_UKCA_CE_25V_V01.prn,GY-CXL3-W-11_ctrlX IO_ST01.pdf,GY-CXL3-W-13_ctrlX IO_ST03.pdf,GY-CXL3-W-15_ctrlX IO_ST05.pdf,4Ch. Ana. Output 0-20mA 16Bit,Y
R911406116,4Ch. Ana. Output 0-10V 16Bit,2,11,R911176918,hardware-revision-0: std.io_ao401_a,,4,ctrlX_IO_Shipping_1ENCH_UL_UKCA_CE_25V_V01.prn,GY-CXL3-W-11_ctrlX IO_ST01.pdf,GY-CXL3-W-13_ctrlX IO_ST03.pdf,GY-CXL3-W-15_ctrlX IO_ST05.pdf,4Ch. Ana. Output 0-10V 16Bit,Y
R911406117,4Ch. Ana. Output +/-10V 16Bit,2,11,R911176918,hardware-revision-0: std.io_ao401_a,R911416022/FWL-XI-AO401_4_-10_+10V_-01VRS-U5301_-A,4,ctrlX_IO_Shipping_1ENCH_UL_UKCA_CE_25V_V01.prn,GY-CXL3-W-11_ctrlX IO_ST01.pdf,GY-CXL3-W-13_ctrlX IO_ST03.pdf,GY-CXL3-W-15_ctrlX IO_ST05.pdf,4Ch. Ana. Output +/-10V 16Bit,Y
R911406092,1 port EtherCAT extension,3,21,R911176826,,,0,ctrlX_IO_Shipping_1ENCH_UKCA_CE_25_V04.prn,GY-CXL3-W-11_ctrlX IO_ST01.pdf,GY-CXL3-W-13_ctrlX IO_ST03.pdf,GY-CXL3-W-15_ctrlX IO_ST05.pdf,1 port EtherCAT extension,Y
R911406094,Power feeder UP,3,22,R911176824,hardware-revision-0: std.io_ec201_a,,0,ctrlX_IO_Shipping_1ENCH_UKCA_CE_25_V04.prn,GY-CXL3-W-11_ctrlX IO_ST01.pdf,GY-CXL3-W-13_ctrlX IO_ST03.pdf,GY-CXL3-W-15_ctrlX IO_ST05.pdf,Power feeder UP,Y
R911406126,Place holder 12mm,1,12,R911176957,,,0,ctrlX_IO_Shipping_1ENCH_UKCA_CE_25_V04.prn,GY-CXL3-W-11_ctrlX IO_ST01.pdf,GY-CXL3-W-13_ctrlX IO_ST03.pdf,GY-CXL3-W-15_ctrlX IO_ST05.pdf,Place holder 12mm,Y
R911406128,Place holder 20mm,1,23,R911176959,,,0,ctrlX_IO_Shipping_1ENCH_UKCA_CE_25_V04.prn,GY-CXL3-W-11_ctrlX IO_ST01.pdf,GY-CXL3-W-13_ctrlX IO_ST03.pdf,GY-CXL3-W-15_ctrlX IO_ST05.pdf,Place holder 20mm,Y
R911406103,2Ch. Relay Output CO 250VAC/1A,1,12,R911176949,,,12,ctrlX_IO_Shipping_1ENCH_UKCA_CE_25_V04.prn,GY-CXL3-W-11_ctrlX IO_ST01.pdf,GY-CXL3-W-13_ctrlX IO_ST03.pdf,GY-CXL3-W-15_ctrlX IO_ST05.pdf,2Ch. Relay Output CO 250VAC/1A,Y
R911417208,4Ch. Dig. Output 24V/0.5A,3,12,R911176981,,,0,ctrlX_IO_Shipping_1ENCH_UKCA_CE_25_V04.prn,GY-CXL3-W-11_ctrlX IO_ST01.pdf,GY-CXL3-W-13_ctrlX IO_ST03.pdf,GY-CXL3-W-15_ctrlX IO_ST05.pdf,4Ch. Dig. Output 24V/0.5A,Y
R911417209,4Ch. Dig. Output 24V/2A,3,12,R911176983,,,0,ctrlX_IO_Shipping_1ENCH_UKCA_CE_25_V04.prn,GY-CXL3-W-11_ctrlX IO_ST01.pdf,GY-CXL3-W-13_ctrlX IO_ST03.pdf,GY-CXL3-W-15_ctrlX IO_ST05.pdf,4Ch. Dig. Output 24V/2A,Y
R911406108,2Ch. Ana. Input TC,3,12,R911176941,,,0,ctrlX_IO_Shipping_1ENCH_UKCA_CE_25_V04.prn,GY-CXL3-W-11_ctrlX IO_ST01.pdf,GY-CXL3-W-13_ctrlX IO_ST03.pdf,GY-CXL3-W-15_ctrlX IO_ST05.pdf,2Ch. Ana. Input TC,Y
R911406109,2Ch. Ana. Input RTD,3,12,R911176939,hardware-revision-0: std.io_ai201_a,,0,ctrlX_IO_Shipping_1ENCH_UKCA_CE_25_V04.prn,GY-CXL3-W-11_ctrlX IO_ST01.pdf,GY-CXL3-W-13_ctrlX IO_ST03.pdf,GY-CXL3-W-15_ctrlX IO_ST05.pdf,2Ch. Ana. Input RTD,Y
R911417202,"4Ch. Dig. Input 24V, 3ms",3,12,R911177010,hardware-revision-0: std.io_ai201_a,,0,ctrlX_IO_Shipping_1ENCH_UKCA_CE_25_V04.prn,GY-CXL3-W-11_ctrlX IO_ST01.pdf,GY-CXL3-W-13_ctrlX IO_ST03.pdf,GY-CXL3-W-15_ctrlX IO_ST05.pdf,"4Ch. Dig. Input 24V, 3ms",Y
R911406093,Power feeder UP passive,3,22,R911177084,,,0,ctrlX_IO_Shipping_1ENCH_UKCA_CE_25_V04.prn,GY-CXL3-W-11_ctrlX IO_ST01.pdf,GY-CXL3-W-13_ctrlX IO_ST03.pdf,GY-CXL3-W-15_ctrlX IO_ST05.pdf,Power feeder UP passive,Y
R912009221,"16Ch. Dig. Input NPN 24V, 3ms",1,12,R911177200,,,0,ctrlX_IO_Shipping_1ENCH_UKCA_CE_25_V04.prn,GY-CXL3-W-11_ctrlX IO_ST01.pdf,GY-CXL3-W-13_ctrlX IO_ST03.pdf,GY-CXL3-W-15_ctrlX IO_ST05.pdf,"16Ch. Dig. Input NPN 24V, 3ms",Y
R912009223,16Ch. Dig. Output NPN 24V/0.5A,1,12,R911177222,,,0,ctrlX_IO_Shipping_1ENCH_UKCA_CE_25_V04.prn,GY-CXL3-W-11_ctrlX IO_ST01.pdf,GY-CXL3-W-13_ctrlX IO_ST03.pdf,GY-CXL3-W-15_ctrlX IO_ST05.pdf,16Ch. Dig. Output NPN 24V/0.5A,Y
R911419351,1 port Ethernet Switchport,3,24,R911177081,hardware-revision-0: std.io_ec201_a,,0,ctrlX_IO_Shipping_1ENCH_UKCA_CE_25_V04.prn,GY-CXL3-W-11_ctrlX IO_ST01.pdf,GY-CXL3-W-13_ctrlX IO_ST03.pdf,GY-CXL3-W-15_ctrlX IO_ST05.pdf,1 port Ethernet Switchport,Y
R911420202,2Ch. Relay Output CO 250VAC/2A,1,12,R911176949,,R911420912/FWL-XI-DO201_2_RELAIS-2A-01VRS-U5301_-A,12,ctrlX_IO_Shipping_1ENCH_UKCA_CE_25_V04.prn,GY-CXL3-W-11_ctrlX IO_ST01.pdf,GY-CXL3-W-13_ctrlX IO_ST03.pdf,GY-CXL3-W-15_ctrlX IO_ST05.pdf,2Ch. Relay Output CO 250VAC/2A,Y
R912009441,"8/8Ch. Dig. In 24V, 3ms / Out 24V/0.5A",1,12,R911177163,,,0,ctrlX_IO_Shipping_1ENCH_UKCA_CE_25_V04.prn,GY-CXL3-W-11_ctrlX IO_ST01.pdf,GY-CXL3-W-13_ctrlX IO_ST03.pdf,GY-CXL3-W-15_ctrlX IO_ST05.pdf,"8/8Ch. Dig. In 24V, 3ms / Out 24V/0.5A",Y
R911421644,"2Ch. Dig. Output 24V/0.5A, PWM",1,12,R911177425,hardware-revision-0: std.io_do401_a,,10,ctrlX_IO_Shipping_1ENCH_UKCA_CE_25_V04.prn,GY-CXL3-W-11_ctrlX IO_ST01.pdf,GY-CXL3-W-13_ctrlX IO_ST03.pdf,GY-CXL3-W-15_ctrlX IO_ST05.pdf,"2Ch. Dig. Output 24V/0.5A, PWM",Y
R911421016,1Ch. Serial RS485/RS422,2,14,R911177430,hardware-revision-0: std.io_co101_a,,1,ctrlX_IO_Shipping_1ENCH_UKCA_CE_25_V04.prn,GY-CXL3-W-11_ctrlX IO_ST01.pdf,GY-CXL3-W-13_ctrlX IO_ST03.pdf,GY-CXL3-W-15_ctrlX IO_ST05.pdf,1Ch. Serial RS485/RS422,Y
R911421639,"2Ch. Dig. Input 24V, Counter 10kHz",1,14,R911177277,hardware-revision-0: std.io_di401_a,,14,ctrlX_IO_Shipping_1ENCH_UKCA_CE_25_V04.prn,GY-CXL3-W-11_ctrlX IO_ST01.pdf,GY-CXL3-W-13_ctrlX IO_ST03.pdf,GY-CXL3-W-15_ctrlX IO_ST05.pdf,"2Ch. Dig. Input 24V, Counter 10kHz",Y
R911421640,"4Ch. Dig. Input 24V, 10???s, DC",1,16,R911177279,,,13,ctrlX_IO_Shipping_1ENCH_R911421640_V03.prn,GY-CXL3-W-11_ctrlX IO_ST01.pdf,GY-CXL3-W-13_ctrlX IO_ST03.pdf,GY-CXL3-W-15_ctrlX IO_ST05.pdf,"4Ch. Dig. Input 24V,",Y
R911421645,"4Ch. Dig. Output 24V/0.5A, HS, DC",1,14,R911177423,,,11,ctrlX_IO_Shipping_1ENCH_UKCA_CE_25_V04.prn,GY-CXL3-W-11_ctrlX IO_ST01.pdf,GY-CXL3-W-13_ctrlX IO_ST03.pdf,GY-CXL3-W-15_ctrlX IO_ST05.pdf,"4Ch. Dig. Output 24V/0.5A, HS, DC",Y
R911421647,"2Ch. Dig. Output 24V/0.5A, OVS",1,12,R911177425,,,0,ctrlX_IO_Shipping_1ENCH_UKCA_CE_25_V04.prn,GY-CXL3-W-11_ctrlX IO_ST01.pdf,GY-CXL3-W-13_ctrlX IO_ST03.pdf,GY-CXL3-W-15_ctrlX IO_ST05.pdf,"2Ch. Dig. Output 24V/0.5A, OVS",Y
R911421015,1Ch. Serial RS232,2,12,R911177428,hardware-revision-0: std.io_co101_a,,1,ctrlX_IO_Shipping_1ENCH_UKCA_CE_25_V04.prn,,,,1Ch. Serial RS232,Y

